"Codeunit","50000","Object","0","0"
"Codeunit","50000","Trigger/Function","10","0"
"Codeunit","50000","Empty","11","0"
"Codeunit","50000","Code","12","1"
"Codeunit","50000","Empty","13","0"
"Codeunit","50000","Trigger/Function","15","0"
"Codeunit","50000","Empty","16","0"
"Codeunit","50000","Code","17","0"
"Codeunit","50000","Empty","18","0"
"Codeunit","50000","Trigger/Function","20","0"
"Codeunit","50000","Empty","21","0"
"Codeunit","50000","Code","22","0"
"Codeunit","50000","Code","23","0"
"Codeunit","50000","Empty","24","0"
"Codeunit","50000","Trigger/Function","26","0"
"Codeunit","50000","Empty","27","0"
"Codeunit","50000","Code","28","0"
"Codeunit","50000","Empty","29","0"
"Codeunit","50000","Trigger/Function","31","0"
"Codeunit","50000","Empty","32","0"
"Codeunit","50000","Code","33","0"
"Codeunit","50000","Empty","34","0"
"Codeunit","50000","Trigger/Function","36","0"
"Codeunit","50000","Empty","37","0"
"Codeunit","50000","Code","38","0"
"Codeunit","50000","Empty","39","0"
"Codeunit","50001","Object","0","0"
"Codeunit","50001","Trigger/Function","8","0"
"Codeunit","50001","Empty","9","0"
"Codeunit","50001","Empty","10","0"
"Codeunit","50001","Empty","11","0"
"Codeunit","50001","Empty","12","0"
"Codeunit","50001","Empty","13","0"
"Codeunit","50001","Code","14","1"
"Codeunit","50001","Code","15","1"
"Codeunit","50001","Code","16","1"
"Codeunit","50001","Empty","17","0"
"Codeunit","50001","Code","18","0"
"Codeunit","50001","Code","19","0"
"Codeunit","50001","Empty","20","0"
"Codeunit","50001","Empty","21","0"
"Codeunit","50001","Trigger/Function","24","0"
"Codeunit","50001","Empty","25","0"
"Codeunit","50001","Empty","26","0"
"Codeunit","50001","Empty","27","0"
"Codeunit","50001","Empty","28","0"
"Codeunit","50001","Empty","29","0"
"Codeunit","50001","Empty","30","0"
"Codeunit","50001","Code","31","1"
"Codeunit","50001","Code","32","1"
"Codeunit","50001","Code","33","0"
"Codeunit","50001","Code","34","0"
"Codeunit","50001","Empty","35","0"
"Codeunit","50001","Code","36","0"
"Codeunit","50001","Code","37","0"
"Codeunit","50001","Code","38","0"
"Codeunit","50001","Code","39","0"
"Codeunit","50001","Empty","40","0"
"Codeunit","50001","Code","41","0"
"Codeunit","50001","Code","42","0"
"Codeunit","50001","Empty","43","0"
"Codeunit","50001","Code","44","0"
"Codeunit","50001","Code","45","0"
"Codeunit","50001","Empty","46","0"
"Codeunit","50001","Code","47","0"
"Codeunit","50001","Code","48","0"
"Codeunit","50001","Code","49","0"
"Codeunit","50001","Code","50","0"
"Codeunit","50001","Code","51","0"
"Codeunit","50001","Code","52","0"
"Codeunit","50001","Code","53","0"
"Codeunit","50001","Empty","54","0"
"Codeunit","50001","Trigger/Function","57","0"
"Codeunit","50001","Empty","58","0"
"Codeunit","50001","Empty","59","0"
"Codeunit","50001","Empty","60","0"
"Codeunit","50001","Code","61","1"
"Codeunit","50001","Code","62","1"
"Codeunit","50001","Code","63","1"
"Codeunit","50001","Code","64","1"
"Codeunit","50001","Code","65","1"
"Codeunit","50001","Code","66","1"
"Codeunit","50001","Empty","67","0"
"Codeunit","95001","Object","0","0"
"Codeunit","95001","Trigger/Function","8","0"
"Codeunit","95001","Empty","9","0"
"Codeunit","95001","Code","10","0"
"Codeunit","95001","Code","11","0"
"Codeunit","95001","Code","12","0"
"Codeunit","95001","Code","13","0"
"Codeunit","95001","Code","14","0"
"Codeunit","95001","Empty","15","0"
"Codeunit","95001","Trigger/Function","17","0"
"Codeunit","95001","Empty","18","0"
"Codeunit","95001","Code","19","0"
"Codeunit","95001","Empty","20","0"
"Codeunit","95001","Trigger/Function","22","0"
"Codeunit","95001","Empty","23","0"
"Codeunit","95001","Code","24","0"
"Codeunit","95001","Code","25","0"
"Codeunit","95001","Code","26","0"
"Codeunit","95001","Code","27","0"
"Codeunit","95001","Empty","28","0"
"Codeunit","95001","Trigger/Function","30","0"
"Codeunit","95001","Empty","31","0"
"Codeunit","95001","Code","32","0"
"Codeunit","95001","Code","33","0"
"Codeunit","95001","Code","34","0"
"Codeunit","95001","Code","35","0"
"Codeunit","95001","Empty","36","0"
"Codeunit","95001","Trigger/Function","38","0"
"Codeunit","95001","Empty","39","0"
"Codeunit","95001","Code","40","0"
"Codeunit","95001","Code","41","0"
"Codeunit","95001","Empty","42","0"
"Codeunit","95001","Trigger/Function","47","0"
"Codeunit","95001","Empty","48","0"
"Codeunit","95001","Code","49","1"
"Codeunit","95001","Empty","50","0"
"Codeunit","95001","Trigger/Function","52","0"
"Codeunit","95001","Empty","53","0"
"Codeunit","95001","Code","54","0"
"Codeunit","95001","Empty","55","0"
"Codeunit","95001","Trigger/Function","57","0"
"Codeunit","95001","Empty","58","0"
"Codeunit","95001","Code","59","0"
"Codeunit","95001","Empty","60","0"
"Codeunit","95001","Trigger/Function","62","0"
"Codeunit","95001","Empty","63","0"
"Codeunit","95001","Code","64","0"
"Codeunit","95001","Empty","65","0"
"Codeunit","95001","Trigger/Function","67","0"
"Codeunit","95001","Empty","68","0"
"Codeunit","95001","Code","69","0"
"Codeunit","95001","Empty","70","0"
"Codeunit","95001","Trigger/Function","72","0"
"Codeunit","95001","Empty","73","0"
"Codeunit","95001","Code","74","0"
"Codeunit","95001","Empty","75","0"
"Codeunit","95001","Trigger/Function","77","0"
"Codeunit","95001","Empty","78","0"
"Codeunit","95001","Code","79","0"
"Codeunit","95001","Empty","80","0"
"Codeunit","95155","Object","0","0"
"Codeunit","95155","Trigger/Function","24","0"
"Codeunit","95155","Empty","25","0"
"Codeunit","95155","Empty","26","0"
"Codeunit","95155","Empty","27","0"
"Codeunit","95155","Empty","28","0"
"Codeunit","95155","Empty","29","0"
"Codeunit","95155","Empty","30","0"
"Codeunit","95155","Empty","31","0"
"Codeunit","95155","Empty","32","0"
"Codeunit","95155","Code","33","1"
"Codeunit","95155","Code","34","1"
"Codeunit","95155","Code","35","1"
"Codeunit","95155","Empty","36","0"
"Codeunit","95155","Empty","37","0"
"Codeunit","95155","Code","38","1"
"Codeunit","95155","Empty","39","0"
"Codeunit","95155","Empty","40","0"
"Codeunit","95155","Code","41","1"
"Codeunit","95155","Code","42","1"
"Codeunit","95155","Empty","43","0"
"Codeunit","95155","Trigger/Function","46","0"
"Codeunit","95155","Empty","47","0"
"Codeunit","95155","Empty","48","0"
"Codeunit","95155","Empty","49","0"
"Codeunit","95155","Empty","50","0"
"Codeunit","95155","Empty","51","0"
"Codeunit","95155","Empty","52","0"
"Codeunit","95155","Empty","53","0"
"Codeunit","95155","Empty","54","0"
"Codeunit","95155","Code","55","0"
"Codeunit","95155","Code","56","0"
"Codeunit","95155","Code","57","0"
"Codeunit","95155","Empty","58","0"
"Codeunit","95155","Empty","59","0"
"Codeunit","95155","Code","60","0"
"Codeunit","95155","Empty","61","0"
"Codeunit","95155","Empty","62","0"
"Codeunit","95155","Code","63","0"
"Codeunit","95155","Code","64","0"
"Codeunit","95155","Empty","65","0"
"Codeunit","95155","Trigger/Function","68","0"
"Codeunit","95155","Empty","69","0"
"Codeunit","95155","Empty","70","0"
"Codeunit","95155","Empty","71","0"
"Codeunit","95155","Empty","72","0"
"Codeunit","95155","Empty","73","0"
"Codeunit","95155","Empty","74","0"
"Codeunit","95155","Empty","75","0"
"Codeunit","95155","Empty","76","0"
"Codeunit","95155","Code","77","0"
"Codeunit","95155","Code","78","0"
"Codeunit","95155","Code","79","0"
"Codeunit","95155","Empty","80","0"
"Codeunit","95155","Empty","81","0"
"Codeunit","95155","Code","82","0"
"Codeunit","95155","Empty","83","0"
